start_date;emplacement_pk_start;end_date;emplacement_pk_end;is_member
2021-05-13 19:37:34;420;2021-05-13 19:41:49;370;1
2022-11-13 16:03:42;607;2022-11-13 16:07:08;1041;0
2022-07-13 18:48:29;436;2022-07-13 19:00:43;234;1
2022-07-31 18:48:07;651;2022-07-31 19:11:31;211;1
2022-08-31 17:04:27;1232;2022-08-31 17:22:13;561;0
2022-04-30 11:04:33;1076;2022-04-30 11:05:45;1076;1
2022-10-02 13:21:09;749;2022-10-02 13:34:21;370;0
2021-07-21 22:11:13;537;2021-07-21 22:23:32;431;1
2021-09-20 12:38:50;510;2021-09-20 12:41:49;200;1
2021-09-23 00:07:02;411;2021-09-23 00:10:27;276;1
2022-11-13 13:34:30;278;2022-11-13 13:38:54;259;0
2022-05-30 13:48:40;395;2022-05-30 14:10:45;532;1
2021-06-19 15:32:00;241;2021-06-19 15:32:38;241;1
2022-08-06 19:21:30;326;2022-08-06 19:26:03;336;1
2022-08-11 22:34:44;572;2022-08-11 22:39:39;1150;0
2022-09-01 13:46:07;427;2022-09-01 14:06:52;309;0
2022-08-19 08:31:48;471;2022-08-19 08:41:34;759;1
2021-09-01 22:47:38;935;2021-09-01 23:26:13;935;0
2021-11-01 15:32:28;582;2021-11-01 15:39:50;553;1
2021-09-21 22:45:37;339;2021-09-21 22:51:47;315;1
2021-08-17 14:51:32;984;2021-08-17 15:06:42;339;1
2022-04-26 08:25:22;790;2022-04-26 08:33:16;480;1
2021-11-06 12:52:05;333;2021-11-06 12:56:10;325;1
2022-08-31 16:29:45;1214;2022-08-31 16:40:49;135;0
2022-08-16 08:24:30;430;2022-08-16 08:35:47;855;1
2022-04-23 15:45:54;860;2022-04-23 16:45:47;860;0
2022-07-12 15:40:12;242;2022-07-12 15:54:20;235;1
2022-09-06 08:53:39;251;2022-09-06 09:18:58;1183;0
2021-05-30 15:59:24;310;2021-05-30 16:09:24;398;1
2022-04-15 02:29:55;437;2022-04-15 02:56:17;688;0
2022-09-27 18:52:02;1137;2022-09-27 18:54:46;512;0
2022-08-24 16:10:35;267;2022-08-24 16:13:20;214;1
2022-09-23 08:26:17;338;2022-09-23 08:34:13;625;0
2021-09-03 08:17:36;275;2021-09-03 08:50:26;429;0
2021-07-10 20:12:50;160;2021-07-10 20:39:25;168;0
2021-05-22 10:49:08;176;2021-05-22 10:58:58;177;1
2022-07-23 16:17:46;455;2022-07-23 16:21:35;841;1
2022-06-06 23:40:07;169;2022-06-06 23:52:52;239;1
2022-07-08 18:17:44;459;2022-07-08 18:38:26;404;1
2021-09-23 10:14:12;214;2021-09-23 10:17:06;211;1
2022-06-25 18:11:47;145;2022-06-25 18:39:38;646;1
2021-11-06 13:50:25;470;2021-11-06 14:19:04;987;0
2021-09-03 15:40:58;470;2021-09-03 16:18:50;532;0
2021-10-04 17:37:12;559;2021-10-04 17:43:53;561;1
2021-07-11 22:02:30;149;2021-07-11 22:08:18;869;1
2022-08-11 12:36:30;935;2022-08-11 13:06:10;566;1
2022-04-23 08:15:33;175;2022-04-23 08:19:23;182;1
2021-10-05 16:03:01;327;2021-10-05 16:09:06;749;1
2022-09-27 18:44:57;249;2022-09-27 18:52:14;216;0
2022-08-05 13:18:27;273;2022-08-05 13:21:01;1185;1
2021-08-18 08:00:29;262;2021-08-18 08:35:01;635;0
2022-09-23 16:50:51;676;2022-09-23 17:01:47;865;0
2021-06-29 14:51:37;761;2021-06-29 14:56:21;247;1
2021-06-12 19:11:55;186;2021-06-12 19:31:30;13;0
2021-07-31 18:20:15;526;2021-07-31 18:47:55;422;0
2022-09-12 17:36:57;385;2022-09-12 18:06:55;1186;0
2021-09-01 08:38:06;285;2021-09-01 08:49:21;153;1
2022-09-16 16:36:03;256;2022-09-16 16:51:59;302;0
2021-07-19 17:01:22;864;2021-07-19 17:18:21;202;1
2021-07-24 08:58:56;838;2021-07-24 09:04:15;173;1
2022-09-14 16:57:30;527;2022-09-14 17:11:36;530;0
2022-05-19 18:07:52;675;2022-05-19 18:39:38;377;0
2022-05-24 00:28:44;379;2022-05-24 00:36:19;413;0
2022-06-15 10:56:28;358;2022-06-15 10:58:51;356;1
2021-08-11 18:51:27;217;2021-08-11 18:58:02;586;1
2021-08-04 11:02:13;148;2021-08-04 11:08:11;250;1
2021-05-02 17:18:57;623;2021-05-02 17:31:13;623;0
2022-07-25 21:11:48;771;2022-07-25 21:19:11;674;1
2022-10-26 15:13:46;161;2022-10-26 15:18:54;986;0
2022-05-12 17:26:15;1027;2022-05-12 17:45:13;194;1
2022-08-14 10:35:32;273;2022-08-14 10:38:03;278;1
2022-10-15 09:29:14;370;2022-10-15 09:51:04;349;0
2022-04-18 13:35:46;13;2022-04-18 13:40:10;206;1
2021-06-08 07:44:51;462;2021-06-08 07:51:21;415;1
2021-10-18 20:19:30;437;2021-10-18 20:25:57;244;1
2022-11-15 17:17:52;312;2022-11-15 17:20:37;323;0
2022-10-26 07:17:19;650;2022-10-26 07:43:45;384;0
2022-09-03 13:07:07;158;2022-09-03 13:25:28;1254;0
2022-04-22 08:03:51;239;2022-04-22 08:23:56;396;1
2021-05-21 11:40:35;350;2021-05-21 12:07:49;330;1
2022-08-02 11:39:05;641;2022-08-02 12:06:57;641;1
2022-08-03 01:49:13;472;2022-08-03 02:03:24;289;1
2021-08-26 07:34:22;159;2021-08-26 07:45:04;929;1
2021-06-29 18:32:55;173;2021-06-29 18:41:57;208;0
2021-05-26 18:34:48;468;2021-05-26 19:14:26;947;1
2022-08-18 12:13:53;1027;2022-08-18 12:17:43;395;1
2022-08-02 14:47:52;984;2022-08-02 14:54:45;941;1
2022-05-23 21:16:29;589;2022-05-23 21:29:06;169;1
2022-07-09 00:56:48;92;2022-07-09 01:07:03;663;1
2021-09-25 18:25:06;1073;2021-09-25 18:30:55;241;1
2022-08-08 15:52:43;837;2022-08-08 16:00:54;236;1
2021-06-14 09:00:47;316;2021-06-14 09:07:34;259;1
2021-08-23 23:57:50;218;2021-08-24 00:16:13;842;1
2022-11-08 20:17:33;547;2022-11-08 20:20:49;86;0
2022-09-15 14:16:25;886;2022-09-15 14:43:02;427;0
2022-06-26 15:25:09;860;2022-06-26 15:48:37;1182;1
2021-10-29 19:46:38;393;2021-10-29 19:54:56;404;0
2022-09-03 20:31:56;543;2022-09-03 20:40:13;429;0
2021-08-30 09:33:37;684;2021-08-30 09:36:05;404;1
2022-09-23 11:56:53;864;2022-09-23 12:01:38;348;0
2021-04-25 07:03:39;159;2021-04-25 07:15:23;607;1
2022-09-20 11:48:58;775;2022-09-20 11:59:11;1260;0
2021-06-19 19:12:06;211;2021-06-19 19:20:45;592;1
2022-07-28 20:03:00;243;2022-07-28 20:10:38;315;1
2022-07-26 17:48:24;451;2022-07-26 17:51:53;447;1
2022-07-14 11:13:20;763;2022-07-14 11:24:19;223;1
2022-07-09 15:33:57;289;2022-07-09 15:40:21;292;1
2022-06-14 17:36:21;646;2022-06-14 17:54:28;583;1
2021-05-05 18:13:39;242;2021-05-05 18:18:58;239;1
2022-08-25 19:43:27;388;2022-08-25 19:51:39;362;1
2022-05-30 12:55:55;169;2022-05-30 13:05:45;259;1
2022-11-08 06:04:49;234;2022-11-08 06:11:38;389;0
2021-10-11 16:00:36;888;2021-10-11 16:25:03;421;1
2022-05-07 23:48:21;764;2022-05-08 00:25:58;989;1
2021-09-22 09:01:58;154;2021-09-22 09:25:08;315;1
2022-10-28 17:37:34;235;2022-10-28 17:43:18;317;0
2022-09-17 10:24:36;553;2022-09-17 10:42:51;566;0
2022-06-15 09:32:47;586;2022-06-15 09:40:31;559;1
2022-09-02 11:43:46;239;2022-09-02 12:04:43;566;0
2022-05-14 20:41:18;665;2022-05-14 20:52:19;550;0
2021-09-05 11:51:16;256;2021-09-05 12:01:39;1041;1
2022-06-30 18:19:49;858;2022-06-30 18:37:36;234;1
2021-05-16 21:07:10;174;2021-05-16 21:25:31;586;1
2021-08-27 09:06:40;226;2021-08-27 09:39:34;241;1
2022-10-16 19:28:01;1219;2022-10-16 19:33:12;467;0
2022-06-14 15:42:18;954;2022-06-14 16:00:12;249;1
2022-06-09 20:09:57;239;2022-06-09 20:20:52;537;1
2022-11-03 19:08:57;447;2022-11-03 19:09:16;447;0
2022-05-21 19:53:51;469;2022-05-21 20:17:29;637;1
2022-09-16 13:11:12;573;2022-09-16 13:19:05;173;0
2022-05-08 17:27:23;240;2022-05-08 17:38:03;266;0
2021-06-13 00:21:31;92;2021-06-13 00:36:35;595;1
2021-08-16 14:37:59;470;2021-08-16 14:53:23;395;1
2021-09-05 09:22:41;769;2021-09-05 09:36:56;469;0
2021-05-25 16:57:58;297;2021-05-25 17:09:42;886;1
2021-06-05 22:38:14;610;2021-06-05 23:04:07;631;1
2021-06-04 12:15:26;143;2021-06-04 12:23:50;688;1
2022-09-06 17:10:06;157;2022-09-06 17:13:23;1101;0
2022-10-31 08:51:18;837;2022-10-31 08:57:50;312;0
2021-06-22 15:08:26;625;2021-06-22 15:19:05;276;1
2022-10-11 19:45:19;89;2022-10-11 20:13:41;89;0
2022-06-21 20:10:27;623;2022-06-21 20:45:02;214;1
2021-05-04 19:23:25;916;2021-05-04 19:34:36;771;1
2022-11-12 22:43:36;218;2022-11-12 22:58:30;321;0
2022-08-17 17:45:52;1137;2022-08-17 18:09:17;444;1
2021-08-10 09:37:31;65;2021-08-10 09:53:16;470;1
2021-07-24 13:44:20;234;2021-07-24 13:50:44;407;1
2022-07-16 17:12:57;359;2022-07-16 17:19:56;388;1
2021-08-01 17:28:29;252;2021-08-01 17:40:40;313;0
2022-05-05 15:32:23;471;2022-05-05 16:08:08;444;1
2022-09-17 18:55:06;564;2022-09-17 19:24:23;221;0
2022-11-07 07:42:05;431;2022-11-07 07:51:07;547;0
2022-07-20 18:12:47;137;2022-07-20 18:19:53;154;1
2022-09-10 01:28:01;923;2022-09-10 01:28:26;923;0
2021-06-22 21:19:46;949;2021-06-22 21:25:51;364;1
2022-11-06 18:40:55;318;2022-11-06 18:55:54;339;0
2021-09-24 03:16:38;363;2021-09-24 03:18:43;47;0
2021-06-10 07:15:51;307;2021-06-10 07:57:18;322;1
2022-09-23 16:56:14;1101;2022-09-23 17:06:19;289;0
2021-09-30 10:12:58;865;2021-09-30 10:16:21;436;1
2022-10-31 13:12:17;167;2022-10-31 13:19:45;1294;0
2022-10-02 03:38:49;553;2022-10-02 03:59:51;669;0
2022-07-30 09:20:41;359;2022-07-30 09:39:03;321;1
2021-06-12 20:03:36;898;2021-06-12 20:11:33;558;1
2021-10-05 19:12:20;757;2021-10-05 19:29:33;239;1
2022-09-24 20:05:39;362;2022-09-24 20:11:07;636;0
2021-05-17 22:31:45;284;2021-05-17 22:43:40;306;0
2021-07-09 14:35:15;158;2021-07-09 15:05:47;307;1
2022-08-29 19:27:45;368;2022-08-29 20:11:40;240;1
2022-11-02 15:13:22;651;2022-11-02 15:26:36;230;0
2021-08-28 08:30:15;181;2021-08-28 08:37:20;607;1
2022-10-25 16:52:39;263;2022-10-25 16:59:11;170;0
2021-08-09 15:12:01;327;2021-08-09 15:16:56;274;1
2022-07-16 14:09:38;1195;2022-07-16 14:10:20;1195;1
2022-07-04 08:55:24;619;2022-07-04 09:09:23;407;0
2021-09-18 18:50:07;666;2021-09-18 19:00:14;557;1
2022-09-27 08:58:00;315;2022-09-27 09:01:36;1275;0
2022-06-04 16:50:51;334;2022-06-04 16:54:40;313;1
2021-10-20 17:09:13;339;2021-10-20 17:44:13;256;1
2021-09-19 20:21:36;681;2021-09-19 20:32:02;338;1
2021-09-02 08:51:05;359;2021-09-02 09:12:41;880;1
2021-11-14 17:09:17;397;2021-11-14 17:23:09;253;1
2022-10-11 16:05:57;1254;2022-10-11 16:11:57;564;0
2022-10-28 19:22:52;147;2022-10-28 19:37:13;1260;0
2021-11-10 10:53:57;271;2021-11-10 11:11:14;365;0
2022-10-27 07:36:38;1150;2022-10-27 08:04:51;408;0
2021-07-30 23:22:27;215;2021-07-30 23:39:11;909;1
2022-09-08 11:53:19;838;2022-09-08 11:58:07;1009;0
2022-09-30 20:34:19;427;2022-09-30 20:50:51;327;0
2022-06-15 16:03:21;242;2022-06-15 16:23:40;759;1
2021-10-17 20:24:19;47;2021-10-17 20:26:40;370;1
2021-05-21 09:31:39;965;2021-05-21 10:14:33;834;1
2021-08-23 15:22:16;359;2021-08-23 15:48:20;955;1
2022-09-14 20:46:50;414;2022-09-14 20:57:00;1219;0
2022-05-26 03:05:48;311;2022-05-26 03:10:14;326;1
2022-07-01 00:45:20;248;2022-07-01 00:45:57;248;1
2021-10-11 12:44:30;145;2021-10-11 12:55:24;271;1
2022-07-31 15:51:31;258;2022-07-31 16:03:03;214;1
2022-11-08 08:23:37;316;2022-11-08 08:29:58;398;0
2021-06-30 09:39:09;428;2021-06-30 09:50:04;651;1
2022-05-25 13:27:43;1178;2022-05-25 14:03:06;175;0
2022-10-25 12:18:02;322;2022-10-25 12:22:15;625;0
2022-08-15 09:05:23;357;2022-08-15 09:14:48;950;1
2022-09-02 07:52:30;145;2022-09-02 08:07:21;954;0
2022-07-23 12:08:28;761;2022-07-23 12:13:55;167;1
2021-04-11 18:13:50;910;2021-04-11 18:19:59;218;1
2021-10-15 16:01:47;514;2021-10-15 16:04:38;357;1
2021-11-02 21:48:03;580;2021-11-02 22:02:37;259;1
2022-05-07 22:19:30;535;2022-05-07 22:45:27;43;1
2022-09-10 20:04:43;359;2022-09-10 20:29:59;918;0
2022-07-26 08:22:57;578;2022-07-26 08:42:44;395;1
2021-07-07 16:59:21;702;2021-07-07 17:13:16;242;1
2021-06-12 13:18:59;897;2021-06-12 13:22:15;218;1
2021-09-15 00:13:30;326;2021-09-15 01:06:05;675;1
2021-06-14 09:14:07;647;2021-06-14 09:19:32;589;1
2022-05-24 18:57:26;180;2022-05-24 19:02:34;173;1
2021-07-28 00:08:01;541;2021-07-28 00:13:28;237;1
2021-06-17 19:10:33;208;2021-06-17 19:19:06;243;1
2022-05-07 11:45:01;765;2022-05-07 11:57:31;898;1
2022-11-01 08:04:20;234;2022-11-01 08:16:23;950;0
2022-08-17 17:05:50;169;2022-08-17 17:17:00;92;1
2021-10-21 13:53:00;887;2021-10-21 13:58:00;183;1
2022-06-02 10:41:32;325;2022-06-02 10:53:09;382;1
2022-07-15 09:08:55;1162;2022-07-15 09:17:36;625;0
2022-10-03 13:33:06;884;2022-10-03 13:48:08;761;0
2022-05-25 16:48:54;263;2022-05-25 16:55:09;170;1
2021-05-29 18:08:59;527;2021-05-29 18:38:05;925;1
2022-10-18 16:34:33;421;2022-10-18 16:57:43;514;0
2022-05-14 14:42:25;591;2022-05-14 15:01:42;646;1
2022-07-24 09:18:21;841;2022-07-24 09:24:32;452;1
2022-09-02 07:58:39;468;2022-09-02 08:04:02;1027;0
2022-08-05 05:22:39;299;2022-08-05 05:26:20;293;1
2022-10-21 08:04:36;845;2022-10-21 08:12:03;437;0
2021-07-18 15:23:24;763;2021-07-18 15:39:52;218;1
2022-04-28 16:07:56;303;2022-04-28 16:47:01;447;1
2021-06-15 17:23:18;420;2021-06-15 17:42:43;203;0
2021-11-11 09:04:12;241;2021-11-11 09:22:21;370;1
2021-08-20 11:31:15;148;2021-08-20 11:51:58;436;1
2022-07-23 16:30:24;243;2022-07-23 16:57:59;600;0
2022-11-08 16:14:07;336;2022-11-08 16:24:37;750;0
2021-08-31 18:36:50;978;2021-08-31 18:56:25;242;1
2021-06-06 13:24:59;578;2021-06-06 13:36:25;551;1
2022-07-12 16:57:27;512;2022-07-12 17:05:35;359;1
2022-09-15 14:39:51;489;2022-09-15 15:02:54;647;0
2022-07-11 14:19:18;1053;2022-07-11 14:23:43;474;1
2021-08-21 01:10:45;761;2021-08-21 01:30:33;884;1
2022-10-30 15:37:13;400;2022-10-30 15:46:31;334;0
2022-05-22 17:18:38;591;2022-05-22 17:25:48;771;1
2022-09-16 14:51:36;1273;2022-09-16 14:55:05;938;0
2022-05-03 14:44:05;316;2022-05-03 14:56:50;238;1
2022-11-04 18:49:47;1219;2022-11-04 19:09:56;1219;0
2021-08-29 10:46:45;211;2021-08-29 10:53:37;432;1
2021-04-23 14:18:30;382;2021-04-23 14:39:09;469;1
2022-05-29 13:42:42;137;2022-05-29 14:08:50;471;1
2021-08-15 22:01:25;405;2021-08-15 22:08:20;273;1
2021-07-17 21:24:10;911;2021-07-17 21:31:37;447;1
2022-06-04 15:34:17;442;2022-06-04 16:02:02;429;1
2022-09-09 17:12:23;149;2022-09-09 17:19:55;149;0
2022-11-08 07:45:55;842;2022-11-08 07:52:35;477;0
2022-09-16 14:38:48;607;2022-09-16 15:08:31;252;0
2022-04-26 22:20:24;158;2022-04-26 22:26:30;304;1
2021-09-17 23:59:37;289;2021-09-18 00:16:52;845;1
2021-08-14 17:23:42;492;2021-08-14 17:29:52;602;1
2022-06-06 18:27:48;365;2022-06-06 18:32:40;363;1
2022-07-13 18:04:17;954;2022-07-13 19:09:46;75;1
2022-07-31 18:28:56;397;2022-07-31 18:38:50;403;1
2021-08-31 12:02:45;942;2021-08-31 12:20:44;264;0
2021-08-08 16:08:53;994;2021-08-08 16:12:12;450;1
2022-09-14 17:06:38;396;2022-09-14 17:20:18;242;0
2022-10-05 14:32:27;934;2022-10-05 15:01:24;665;0
2022-05-03 23:18:33;84;2022-05-03 23:25:37;256;1
2021-11-02 07:35:19;311;2021-11-02 07:39:33;687;1
2022-07-14 14:25:42;325;2022-07-14 14:46:17;370;1
2022-07-18 03:07:07;525;2022-07-18 03:27:54;1186;1
2022-05-19 07:44:12;627;2022-05-19 07:51:40;1053;0
2022-08-24 22:03:42;1070;2022-08-24 22:21:52;295;1
2021-06-09 20:32:40;311;2021-06-09 20:35:58;316;1
2022-05-11 19:51:18;365;2022-05-11 20:37:35;956;1
2022-08-18 08:19:43;923;2022-08-18 08:30:00;1199;1
2021-09-20 17:12:35;478;2021-09-20 17:52:56;478;0
2021-10-21 20:01:08;240;2021-10-21 20:06:56;261;1
2022-11-12 16:48:04;381;2022-11-12 17:06:00;1287;0
2022-06-25 00:39:56;537;2022-06-25 00:48:29;313;1
2022-08-04 23:21:24;351;2022-08-04 23:30:15;347;1
2021-07-03 14:40:15;987;2021-07-03 15:04:27;956;1
2021-07-06 18:59:29;169;2021-07-06 19:11:04;432;0
2021-06-04 16:58:49;351;2021-06-04 17:13:52;637;1
2022-08-10 21:46:59;398;2022-08-10 21:50:02;309;1
2022-08-14 12:08:48;459;2022-08-14 12:32:08;469;1
2021-06-20 14:51:07;162;2021-06-20 14:54:56;988;1
2022-06-11 10:35:19;604;2022-06-11 10:57:55;586;1
2021-05-09 08:06:32;235;2021-05-09 08:28:22;235;1
2021-07-14 15:02:43;378;2021-07-14 15:25:02;346;1
2022-07-29 19:10:48;235;2022-07-29 19:14:54;935;1
2022-07-30 16:26:17;412;2022-07-30 16:39:43;409;1
2022-10-03 14:25:21;569;2022-10-03 14:32:03;593;0
2021-09-09 09:37:10;1054;2021-09-09 09:42:03;318;1
2021-07-15 06:34:37;425;2021-07-15 06:46:42;259;1
2022-08-30 12:46:38;334;2022-08-30 13:06:09;296;1
2022-10-26 17:36:56;550;2022-10-26 17:39:12;594;0
2022-07-31 10:52:48;242;2022-07-31 11:06:11;1162;0
2021-06-02 19:54:52;363;2021-06-02 20:00:07;918;1
2022-04-15 16:33:07;453;2022-04-15 16:38:48;455;1
2022-09-28 22:23:43;642;2022-09-28 22:28:07;771;0
2022-08-25 15:06:01;248;2022-08-25 15:06:40;248;1
2021-08-16 18:02:45;888;2021-08-16 18:54:50;305;0
2022-07-13 22:39:06;551;2022-07-13 22:58:57;767;1
2021-09-13 08:26:12;663;2021-09-13 08:40:18;316;1
2021-07-29 19:10:00;687;2021-07-29 19:14:24;752;1
2022-05-13 14:25:59;916;2022-05-13 14:56:36;471;0
2022-09-09 19:43:55;1009;2022-09-09 19:47:52;261;0
2022-06-19 10:49:04;238;2022-06-19 10:53:26;432;1
2021-07-13 19:49:09;1020;2021-07-13 20:10:51;610;1
2022-06-28 12:48:11;513;2022-06-28 12:58:18;624;1
2022-11-10 07:21:25;761;2022-11-10 07:35:05;694;0
2022-04-15 16:26:16;419;2022-04-15 16:50:12;205;1
2021-06-14 17:38:07;432;2021-06-14 17:45:39;562;1
2022-10-07 14:31:01;582;2022-10-07 14:46:14;221;0
2022-10-10 15:48:38;954;2022-10-10 16:03:02;470;0
2021-06-13 10:32:35;392;2021-06-13 10:51:23;681;1
2022-08-11 14:35:27;447;2022-08-11 14:56:21;469;1
2021-07-02 14:51:34;760;2021-07-02 14:57:03;596;1
2022-06-07 21:45:59;327;2022-06-07 21:56:59;179;1
2022-07-13 10:31:01;294;2022-07-13 10:43:53;471;0
2022-10-30 13:49:44;588;2022-10-30 13:59:43;1149;0
2022-09-19 21:03:58;788;2022-09-19 21:12:07;159;0
2022-07-06 16:58:39;47;2022-07-06 17:10:39;312;1
2021-10-15 11:32:42;680;2021-10-15 11:43:35;488;1
2022-07-24 00:25:38;310;2022-07-24 00:32:09;838;0
2021-04-17 19:25:52;362;2021-04-17 20:00:52;349;1
2021-09-13 15:47:06;520;2021-09-13 15:52:57;1037;1
2022-05-22 16:55:16;1027;2022-05-22 17:01:23;47;1
2022-05-12 07:21:00;141;2022-05-12 07:44:21;252;1
2021-10-05 16:17:42;772;2021-10-05 16:20:51;139;1
2021-08-27 14:47:13;835;2021-08-27 15:08:00;464;1
2022-04-26 17:58:24;676;2022-04-26 18:03:29;573;1
2021-06-11 15:39:37;470;2021-06-11 15:54:53;169;1
2021-11-04 08:54:47;903;2021-11-04 08:59:36;47;1
2021-04-27 16:34:29;86;2021-04-27 16:47:06;211;1
2022-06-17 08:26:54;585;2022-06-17 08:29:59;898;1
2022-06-26 12:52:20;508;2022-06-26 12:59:39;1058;1
2021-09-04 11:46:19;758;2021-09-04 11:57:38;211;1
2022-10-05 16:50:41;84;2022-10-05 17:04:21;606;0
2022-06-01 00:06:16;169;2022-06-01 00:17:25;326;1
2022-09-10 16:37:08;647;2022-09-10 16:41:52;790;0
2022-06-05 02:29:05;551;2022-06-05 02:34:24;890;1
2021-10-18 13:23:55;614;2021-10-18 13:25:53;770;0
2022-10-06 08:03:24;241;2022-10-06 08:17:44;756;0
2022-08-15 08:31:21;941;2022-08-15 08:58:08;471;1
2022-10-17 09:04:24;236;2022-10-17 09:11:30;326;0
2022-07-30 22:50:15;251;2022-07-30 23:00:38;1009;1
2021-10-12 15:49:37;1032;2021-10-12 16:18:11;654;1
2021-09-02 16:50:08;1007;2021-09-02 16:55:09;310;1
2022-08-05 17:40:06;313;2022-08-05 17:49:34;1182;0
2022-11-04 21:39:27;1175;2022-11-04 21:50:39;337;0
2022-07-19 14:29:29;436;2022-07-19 14:39:52;574;1
2022-09-15 22:34:51;566;2022-09-15 22:50:45;251;0
2022-08-28 12:23:38;388;2022-08-28 12:30:42;362;1
2022-06-01 09:05:44;378;2022-06-01 09:12:04;954;1
2021-08-23 00:36:03;532;2021-08-23 01:17:47;344;0
2022-05-15 13:55:18;167;2022-05-15 14:06:08;935;0
2022-07-29 15:03:41;779;2022-07-29 15:16:05;296;1
2022-10-11 18:04:52;1071;2022-10-11 18:06:55;129;0
2022-05-16 07:36:17;553;2022-05-16 07:45:00;441;1
2021-05-15 15:50:44;325;2021-05-15 16:00:31;243;1
2021-06-10 22:50:04;167;2021-06-10 23:00:03;886;1
2022-07-23 07:44:27;508;2022-07-23 08:01:07;185;1
2022-10-11 18:40:45;414;2022-10-11 19:00:08;1268;0
2022-07-08 11:20:37;289;2022-07-08 11:32:57;471;1
2021-10-05 18:00:13;1073;2021-10-05 18:03:09;255;1
2022-11-05 04:28:22;278;2022-11-05 04:49:42;215;0
2021-10-13 17:11:03;891;2021-10-13 17:19:38;216;1
2021-10-02 15:27:07;167;2021-10-02 15:44:59;592;1
2022-07-15 14:55:10;588;2022-07-15 15:11:22;168;1
2021-05-18 18:26:56;843;2021-05-18 18:34:22;834;1
2022-11-14 14:43:33;173;2022-11-14 14:48:12;256;0
2021-09-23 19:51:01;370;2021-09-23 20:03:55;314;1
2022-09-22 18:22:02;624;2022-09-22 18:23:38;395;0
2021-09-18 02:06:53;239;2021-09-18 02:23:50;767;1
2022-09-10 09:01:28;237;2022-09-10 09:05:34;318;0
2022-09-15 17:58:00;704;2022-09-15 19:49:12;704;0
2021-10-25 21:49:54;373;2021-10-25 21:53:45;1069;0
2022-09-19 13:34:43;398;2022-09-19 13:37:36;629;0
2021-04-23 07:10:00;307;2021-04-23 07:12:50;302;1
2022-07-27 16:43:00;125;2022-07-27 16:56:53;535;1
2022-08-31 18:28:25;196;2022-08-31 18:31:58;189;1
2022-07-18 12:04:40;238;2022-07-18 12:13:40;313;0
2022-07-13 21:12:13;1114;2022-07-13 21:30:09;691;1
2021-08-30 16:25:15;765;2021-08-30 16:27:34;566;1
2021-09-07 11:12:38;364;2021-09-07 11:27:06;414;1
2021-09-12 12:55:35;1090;2021-09-12 13:13:10;838;1
2021-04-23 08:47:43;543;2021-04-23 09:11:36;471;1
2022-04-23 14:05:28;751;2022-04-23 14:22:21;455;1
2022-07-19 14:56:13;592;2022-07-19 15:03:20;567;1
2021-08-15 22:58:15;395;2021-08-15 23:57:26;1030;0
2022-06-02 19:44:19;1033;2022-06-02 19:58:44;337;1
2021-06-29 19:44:01;316;2021-06-29 20:11:48;434;1
2022-08-01 20:40:21;240;2022-08-01 20:55:38;158;1
2021-06-14 14:47:10;604;2021-06-14 14:52:09;631;1
2022-11-09 08:45:49;240;2022-11-09 08:51:06;1240;0
2021-09-24 15:56:27;313;2021-09-24 16:00:10;326;1
2021-07-19 14:51:12;913;2021-07-19 15:07:41;785;1
2021-09-07 13:30:17;226;2021-09-07 13:31:05;226;1
2022-06-19 12:19:41;207;2022-06-19 12:38:32;634;1
2022-10-02 18:25:54;84;2022-10-02 18:33:05;558;0
2021-08-30 18:02:33;767;2021-08-30 18:22:25;564;0
2022-09-27 12:19:16;322;2022-09-27 12:30:12;537;0
2022-08-05 13:22:04;170;2022-08-05 13:28:30;256;1
2021-06-26 16:36:11;425;2021-06-26 17:03:36;571;1
2021-08-25 17:54:30;235;2021-08-25 18:34:17;431;1
2022-10-14 12:33:50;214;2022-10-14 12:44:51;443;0
2022-07-28 19:40:31;646;2022-07-28 19:55:03;482;0
2021-06-16 13:50:05;760;2021-06-16 13:53:10;584;1
2022-06-10 00:34:51;244;2022-06-10 00:40:54;239;1
2022-06-18 12:54:22;179;2022-06-18 13:02:49;614;0
2021-06-09 12:18:29;681;2021-06-09 12:56:10;455;1
2021-09-30 13:09:28;242;2021-09-30 13:19:47;943;1
2022-07-06 17:00:44;935;2022-07-06 17:32:47;556;1
2021-06-21 20:00:14;532;2021-06-21 20:08:33;784;1
2021-08-27 20:46:43;919;2021-08-27 21:01:00;938;1
2021-08-13 16:10:12;622;2021-08-13 16:15:57;779;1
2022-06-17 07:25:27;567;2022-06-17 07:37:25;266;1
2022-08-13 20:36:21;1217;2022-08-13 20:44:56;242;1
2022-09-03 17:27:47;1058;2022-09-03 17:52:45;1192;0
2022-10-23 21:28:21;326;2022-10-23 21:42:16;1182;0
2021-05-29 18:16:39;788;2021-05-29 18:29:12;138;1
2022-05-29 18:52:57;388;2022-05-29 19:28:32;941;1
2021-05-23 07:56:28;258;2021-05-23 08:36:31;260;1
2021-07-27 21:10:45;923;2021-07-27 21:26:38;143;1
2021-07-26 19:36:04;949;2021-07-26 19:52:59;331;1
2022-09-11 00:58:19;453;2022-09-11 01:11:30;415;0
2022-08-19 12:05:32;324;2022-08-19 14:31:17;324;1
2022-06-28 07:58:23;442;2022-06-28 08:04:31;249;1
2022-10-31 21:07:20;311;2022-10-31 21:14:16;382;0
2021-08-30 22:03:13;256;2021-08-30 22:08:37;175;1
2021-05-09 13:13:35;388;2021-05-09 13:29:46;408;0
2021-05-17 10:46:53;297;2021-05-17 10:52:43;175;1
2021-06-04 17:12:12;790;2021-06-04 17:31:25;338;1
2022-05-09 19:28:24;470;2022-05-09 20:00:48;334;1
2022-05-30 15:39:56;410;2022-05-30 15:50:20;689;1
2022-05-28 14:06:56;332;2022-05-28 14:18:44;334;1
2021-04-29 21:32:00;682;2021-04-29 21:39:47;370;1
2022-09-08 15:49:06;144;2022-09-08 15:52:59;1218;0
2022-08-21 11:50:47;626;2022-08-21 12:40:05;400;1
2022-05-10 14:58:19;322;2022-05-10 14:58:49;322;1
2022-08-07 10:42:55;657;2022-08-07 10:54:32;564;1
2021-08-01 15:02:24;322;2021-08-01 15:41:41;468;1
2022-10-11 15:46:12;1278;2022-10-11 15:47:53;339;0
2021-06-04 15:02:17;684;2021-06-04 15:12:46;332;1
2022-08-07 02:37:16;919;2022-08-07 03:20:22;607;1
2022-10-04 08:27:08;316;2022-10-04 08:30:21;310;0
2022-07-22 14:03:04;322;2022-07-22 14:09:28;309;1
2022-07-14 08:54:53;156;2022-07-14 09:01:04;158;1
2022-08-02 17:26:56;38;2022-08-02 17:49:01;1161;1
2021-09-27 10:29:43;249;2021-09-27 10:34:31;247;0
2021-08-23 18:07:53;589;2021-08-23 18:21:31;340;1
2021-10-22 18:15:32;626;2021-10-22 18:26:20;363;1
2021-09-11 14:49:12;111;2021-09-11 14:52:04;309;1
2022-04-17 17:20:05;591;2022-04-17 17:24:14;594;1
2021-05-20 14:35:42;934;2021-05-20 14:43:34;538;1
2021-09-09 16:42:08;375;2021-09-09 17:02:03;388;1
2021-08-06 05:18:11;316;2021-08-06 05:26:16;388;1
2022-09-24 11:16:45;242;2022-09-24 11:29:46;702;0
2022-10-22 15:16:15;508;2022-10-22 16:56:02;75;0
2022-06-05 14:03:14;404;2022-06-05 14:22:02;388;1
2021-05-25 17:50:22;688;2021-05-25 17:59:04;140;1
2021-09-05 01:14:18;236;2021-09-05 01:31:23;544;1
2022-09-07 18:55:24;750;2022-09-07 19:14:52;154;0
2022-05-26 19:19:27;318;2022-05-26 19:23:22;314;1
2022-09-12 20:23:23;674;2022-09-12 20:34:33;767;0
2022-07-08 03:36:10;240;2022-07-08 03:53:33;890;1
2022-07-03 14:31:22;471;2022-07-03 14:57:12;841;1
2022-10-28 09:50:12;553;2022-10-28 10:17:02;43;0
2021-10-08 17:01:38;569;2021-10-08 17:18:06;236;1
2022-07-30 20:03:57;242;2022-07-30 20:10:12;316;0
2022-06-27 19:09:44;170;2022-06-27 19:14:39;214;1
2022-11-10 18:45:57;145;2022-11-10 19:05:11;349;0
2022-10-07 17:06:12;917;2022-10-07 17:16:56;669;0
2021-09-06 10:36:07;911;2021-09-06 10:59:57;1006;0
2022-05-02 20:29:17;642;2022-05-02 20:34:37;570;1
2022-09-23 23:15:12;317;2022-09-23 23:26:20;240;0
2021-10-07 22:35:43;647;2021-10-07 22:58:54;157;0
2021-09-22 07:36:04;693;2021-09-22 07:47:58;501;1
2022-08-17 18:28:19;251;2022-08-17 18:38:30;1248;1
2021-09-04 11:03:03;267;2021-09-04 11:04:22;689;1
2022-11-04 12:09:45;568;2022-11-04 12:24:43;248;0
2021-07-06 12:46:57;555;2021-07-06 13:02:14;788;1
2022-06-15 08:20:21;183;2022-06-15 08:47:09;482;1
2021-11-06 20:30:08;276;2021-11-06 20:38:13;1066;1
2021-06-03 17:37:48;344;2021-06-03 18:20:48;237;1
2021-04-28 09:02:26;938;2021-04-28 09:11:27;420;0
2022-06-24 03:52:40;209;2022-06-24 04:10:31;561;1
2022-05-07 14:01:15;179;2022-05-07 14:15:56;336;1
2021-11-15 08:02:13;322;2021-11-15 08:06:32;311;1
2022-08-06 18:29:20;1009;2022-08-06 18:30:19;169;1
2022-08-12 21:47:23;358;2022-08-12 22:01:52;513;1
2022-07-25 17:59:06;205;2022-07-25 18:03:20;206;1
2021-08-01 12:28:19;392;2021-08-01 13:51:41;392;0
2022-06-25 18:27:13;218;2022-06-25 18:47:38;1101;1
2022-09-22 17:55:51;388;2022-09-22 18:17:45;890;0
2022-07-30 14:49:00;1040;2022-07-30 14:55:22;186;1
2022-10-05 07:23:11;546;2022-10-05 07:36:56;623;0
2022-05-23 17:24:10;47;2022-05-23 17:37:48;334;1
2022-04-28 15:23:06;254;2022-04-28 15:29:13;173;0
2022-09-19 14:10:34;779;2022-09-19 14:19:11;370;0
2022-06-06 16:35:23;760;2022-06-06 16:58:58;294;1
2022-08-15 22:58:40;1034;2022-08-15 23:06:36;216;1
2022-07-21 16:19:27;239;2022-07-21 16:25:03;167;1
2021-09-09 13:45:34;1030;2021-09-09 13:46:42;949;1
2022-10-29 19:11:39;189;2022-10-29 19:19:33;190;0
2022-10-15 22:23:33;145;2022-10-15 22:39:40;100;0
2021-06-23 08:13:35;549;2021-06-23 08:34:58;702;1
2022-06-17 10:50:14;214;2022-06-17 11:01:13;547;1
2022-06-23 16:42:42;1120;2022-06-23 17:11:14;784;1
2022-07-28 22:33:53;1195;2022-07-28 22:39:13;340;1
2022-07-02 08:40:20;445;2022-07-02 09:12:47;445;1
2022-05-08 13:23:18;273;2022-05-08 13:31:02;322;1
2022-07-31 00:53:02;642;2022-07-31 01:05:40;677;1
2022-05-22 08:51:03;1119;2022-05-22 09:38:56;467;0
2022-06-19 13:40:02;941;2022-06-19 13:44:55;606;1
2021-08-18 17:11:38;221;2021-08-18 17:17:08;675;1
2022-06-22 18:56:20;238;2022-06-22 19:15:53;919;1
2021-05-13 19:03:59;597;2021-05-13 19:16:33;608;1
2022-07-25 16:41:22;1006;2022-07-25 16:52:47;841;1
2022-08-10 11:02:01;619;2022-08-10 11:18:09;910;1
2021-06-07 15:12:28;306;2021-06-07 15:30:07;242;1
2022-09-12 13:01:32;362;2022-09-12 13:10:43;626;0
2022-08-21 13:31:54;646;2022-08-21 13:36:16;590;1
2022-11-10 07:54:29;1284;2022-11-10 08:02:07;1288;0
2021-08-17 09:02:25;437;2021-08-17 09:09:54;696;1
2021-06-07 12:07:46;983;2021-06-07 12:08:09;983;0
2021-07-08 01:30:48;1009;2021-07-08 01:43:16;607;0
2021-10-01 12:01:47;285;2021-10-01 12:10:42;332;1
2021-07-07 17:01:24;309;2021-07-07 17:05:39;322;1
2022-04-26 12:35:33;558;2022-04-26 12:47:57;891;1
2021-08-15 00:26:14;395;2021-08-15 00:31:31;852;1
2021-07-29 02:05:34;338;2021-07-29 02:08:22;1018;1
2022-06-17 20:46:13;1169;2022-06-17 20:52:32;925;1
2022-07-21 22:32:52;442;2022-07-21 22:43:05;765;1
2022-08-24 18:09:16;126;2022-08-24 18:09:47;126;0
2022-08-14 14:34:59;169;2022-08-14 14:39:25;250;1
2022-07-24 17:45:51;634;2022-07-24 17:57:38;911;1
2021-09-08 18:15:57;359;2021-09-08 18:43:38;338;1
2021-06-01 22:42:44;336;2021-06-01 23:15:10;370;0
2022-07-10 16:08:20;419;2022-07-10 16:42:05;419;0
2021-08-29 13:16:18;92;2021-08-29 13:25:43;428;1
2021-09-11 22:50:43;312;2021-09-11 23:04:06;315;1
2022-09-01 16:14:42;326;2022-09-01 16:55:09;556;0
2021-04-18 12:23:39;507;2021-04-18 12:44:13;780;1
2021-09-06 09:54:05;592;2021-09-06 10:07:06;339;1
2022-09-30 17:06:39;1284;2022-09-30 17:13:54;468;0
2021-08-04 17:17:42;431;2021-08-04 17:23:54;589;1
2021-08-01 02:32:23;1058;2021-08-01 02:32:53;1058;1
2022-09-17 18:35:26;1010;2022-09-17 18:42:55;1071;0
2021-09-26 18:39:31;274;2021-09-26 18:40:46;274;1
2021-07-09 16:08:29;482;2021-07-09 16:17:38;965;1
2021-10-06 17:30:48;586;2021-10-06 17:41:45;264;1
2022-07-30 00:49:12;243;2022-07-30 01:00:00;550;1
2022-08-15 16:16:23;1139;2022-08-15 16:37:08;650;1
2021-09-30 23:35:15;575;2021-09-30 23:40:06;942;0
2022-07-06 16:11:36;258;2022-07-06 16:22:08;436;1
2022-08-01 08:39:56;865;2022-08-01 08:51:32;1199;1
2022-09-25 04:11:30;245;2022-09-25 04:17:18;296;0
2022-09-14 17:52:23;469;2022-09-14 18:04:17;1268;0
2022-10-13 09:48:29;838;2022-10-13 09:54:47;764;0
2021-09-20 17:06:59;636;2021-09-20 17:18:26;968;1
2021-06-10 20:40:37;543;2021-06-10 21:05:47;249;1
2021-07-20 17:22:37;190;2021-07-20 17:28:44;982;1
2021-06-10 19:27:28;956;2021-06-10 20:18:37;532;1
2022-07-24 17:43:22;470;2022-07-24 19:09:10;514;1
2022-07-14 00:25:46;256;2022-07-14 00:36:30;427;1
2022-07-29 20:21:01;182;2022-07-29 20:41:35;1070;1
2022-09-04 12:43:58;334;2022-09-04 12:55:09;677;0
2022-07-01 15:16:39;363;2022-07-01 15:25:21;398;1
2022-07-14 12:34:19;584;2022-07-14 12:55:08;1153;1
2022-09-16 15:45:58;214;2022-09-16 15:55:25;432;0
2021-05-08 14:02:53;652;2021-05-08 14:12:48;566;1
2021-07-16 23:04:59;420;2021-07-16 23:10:29;388;1
2022-08-05 08:25:37;400;2022-08-05 08:47:04;950;0
2022-08-13 15:11:36;684;2022-08-13 15:43:26;514;1
2021-10-15 17:37:23;197;2021-10-15 17:49:12;190;1
2021-07-04 01:20:01;311;2021-07-04 01:25:24;333;1
2022-08-14 18:33:53;1166;2022-08-14 18:49:17;1142;1
2021-09-26 11:45:29;249;2021-09-26 11:54:23;297;0
2021-09-25 16:59:51;255;2021-09-25 17:21:11;601;1
2022-05-21 17:55:49;359;2022-05-21 18:14:33;355;1
2021-08-02 17:12:58;396;2021-08-02 17:13:27;396;1
2022-07-29 00:45:17;265;2022-07-29 00:55:42;339;1
2022-06-05 23:46:11;459;2022-06-06 00:18:05;467;0
2021-08-26 07:17:31;471;2021-08-26 07:24:24;422;1
2022-09-11 12:14:19;142;2022-09-11 12:32:07;293;0
2022-06-10 17:14:02;365;2022-06-10 17:42:41;511;1
2021-08-28 15:33:44;253;2021-08-28 15:47:23;176;1
2022-10-03 21:04:49;750;2022-10-03 21:24:46;299;0
2022-09-17 10:45:24;1165;2022-09-17 11:08:17;453;0
2022-09-16 20:46:41;400;2022-09-16 21:01:29;333;0
2022-08-25 16:12:50;1077;2022-08-25 16:15:38;1009;1
2022-09-14 20:18:26;310;2022-09-14 20:26:11;1195;0
2021-08-21 15:11:00;626;2021-08-21 15:17:36;949;1
2021-06-20 02:05:17;948;2021-06-20 02:20:48;256;1
2022-06-20 18:59:12;1184;2022-06-20 19:08:18;348;1
2022-07-04 16:56:11;566;2022-07-04 17:13:55;865;1
2021-06-13 17:41:38;316;2021-06-13 17:56:17;239;1
2022-06-05 17:13:20;337;2022-06-05 17:27:30;273;1
2021-06-01 08:17:28;938;2021-06-01 08:37:34;276;1
2022-09-23 01:47:01;1176;2022-09-23 01:52:40;1176;0
2021-10-01 13:05:00;263;2021-10-01 13:08:20;215;1
2021-05-31 21:19:04;182;2021-05-31 21:19:40;182;1
2022-10-27 07:19:42;535;2022-10-27 07:38:36;441;0
2022-09-19 20:20:30;398;2022-09-19 20:36:47;247;0
2021-07-17 00:21:28;619;2021-07-17 00:32:12;646;1
2022-06-14 19:35:44;547;2022-06-14 19:50:37;317;1
2022-07-26 17:10:46;38;2022-07-26 17:16:29;346;1
2021-09-18 23:48:00;459;2021-09-18 23:56:11;420;1
2022-07-28 20:36:27;607;2022-07-28 21:16:29;1215;1
2022-06-16 14:16:54;626;2022-06-16 14:34:27;273;1
2022-07-06 23:45:48;770;2022-07-07 00:00:26;158;1
2022-06-08 12:55:20;148;2022-06-08 13:02:38;293;0
2022-10-05 19:29:23;757;2022-10-05 19:37:12;586;0
2021-10-01 17:29:19;310;2021-10-01 17:38:12;338;1
2022-07-09 18:43:07;775;2022-07-09 18:47:28;268;1
2022-05-18 18:17:53;855;2022-05-18 18:26:05;1169;1
2022-05-05 19:45:52;635;2022-05-05 19:53:32;680;1
2021-04-20 20:17:24;763;2021-04-20 20:22:40;669;1
2022-09-14 13:08:18;1058;2022-09-14 13:13:32;1192;0
2021-09-04 23:43:17;860;2021-09-05 00:19:36;852;0
2022-05-22 12:42:57;192;2022-05-22 12:51:09;1062;1
2022-05-26 14:19:08;381;2022-05-26 14:55:20;586;1
2022-11-05 04:22:24;422;2022-11-05 04:31:46;461;0
2022-10-21 19:04:15;616;2022-10-21 19:09:06;886;0
2022-09-15 16:17:39;152;2022-09-15 16:30:45;167;0
2022-09-28 19:42:44;256;2022-09-28 19:51:58;1025;0
2021-05-05 17:16:05;544;2021-05-05 17:32:06;266;1
2022-07-31 12:49:24;855;2022-07-31 13:09:48;1182;1
2022-07-15 19:02:22;243;2022-07-15 19:14:25;173;1
2022-06-17 01:12:14;241;2022-06-17 01:25:07;182;1
2021-10-18 19:06:40;1010;2021-10-18 19:08:13;772;1
2022-09-19 18:00:01;173;2022-09-19 18:04:01;261;0
2022-07-09 18:12:17;955;2022-07-09 18:25:28;329;1
2022-07-29 00:40:11;263;2022-07-29 00:48:33;180;1
2022-06-28 17:04:49;687;2022-06-28 17:29:24;989;1
2022-09-03 20:21:45;249;2022-09-03 20:23:32;249;0
2022-08-31 19:38:45;706;2022-08-31 19:43:24;705;0
2021-05-22 18:05:44;562;2021-05-22 18:39:39;247;1
2021-11-08 22:34:04;173;2021-11-08 22:37:44;256;1
2021-06-26 15:50:15;469;2021-06-26 15:54:04;470;1
2022-06-28 15:29:35;363;2022-06-28 15:33:26;359;1
2022-08-08 11:02:01;898;2022-08-08 11:10:29;664;1
2022-07-20 16:40:40;1204;2022-07-20 16:57:21;859;0
2022-08-13 17:09:47;860;2022-08-13 17:52:07;919;0
2022-10-19 08:37:06;274;2022-10-19 08:52:09;381;0
2022-05-21 13:25:28;378;2022-05-21 13:31:36;414;1
2022-07-26 09:38:41;330;2022-07-26 09:43:20;537;1
2021-06-22 18:28:20;304;2021-06-22 18:53:49;408;1
2021-05-28 19:56:56;906;2021-05-28 20:10:38;665;1
2022-09-17 21:42:59;373;2022-09-17 21:55:51;361;0
2021-07-11 18:32:20;135;2021-07-11 18:39:28;322;1
2022-09-10 16:16:42;388;2022-09-10 16:31:00;288;0
2022-08-26 23:00:00;642;2022-08-26 23:08:49;1076;1
2021-06-13 11:57:29;469;2021-06-13 12:23:19;451;1
2022-06-14 21:54:35;415;2022-06-14 22:00:29;413;1
2022-08-25 15:58:18;687;2022-08-25 16:44:04;373;1
2021-08-30 20:50:57;408;2021-08-30 20:56:18;919;0
2022-08-24 22:06:23;218;2022-08-24 22:16:28;552;0
2022-06-09 17:55:52;327;2022-06-09 18:08:04;396;1
2022-06-17 11:45:34;100;2022-06-17 12:04:34;437;1
2022-05-24 15:20:46;915;2022-05-24 16:03:44;453;1
2021-07-03 10:50:40;1015;2021-07-03 10:52:43;393;1
2022-06-15 14:55:33;767;2022-06-15 15:08:11;1076;1
2021-06-02 11:55:00;429;2021-06-02 11:57:58;541;1
2022-09-28 15:51:51;1161;2022-09-28 16:05:36;1284;0
2021-07-02 19:54:45;173;2021-07-02 20:17:41;752;1
2021-07-01 13:41:11;425;2021-07-01 13:44:08;537;1
2021-05-29 16:57:37;155;2021-05-29 17:22:57;317;1
2022-07-07 20:34:12;141;2022-07-07 20:46:42;921;0
2022-08-18 15:47:17;401;2022-08-18 16:11:32;838;1
2022-06-13 13:07:33;769;2022-06-13 13:44:57;769;1
2021-10-14 20:12:38;100;2021-10-14 20:18:08;560;1
2022-10-14 17:52:02;84;2022-10-14 17:57:18;176;0
2022-06-04 18:43:25;334;2022-06-04 18:50:10;537;1
2022-08-25 23:40:30;1071;2022-08-25 23:44:56;144;1
2021-10-25 09:18:53;225;2021-10-25 09:26:45;17;1
2022-09-01 08:38:36;929;2022-09-01 09:00:12;329;0
2022-09-16 16:05:14;1033;2022-09-16 16:11:27;941;0
2022-06-10 17:09:57;205;2022-06-10 17:39:40;504;1
2022-08-26 18:01:27;764;2022-08-26 18:26:30;1183;1
2021-08-11 18:57:39;567;2021-08-11 19:16:43;910;0
2021-09-30 00:31:21;260;2021-09-30 00:38:43;256;1
2022-06-25 10:05:15;779;2022-06-25 12:07:26;470;0
2022-07-11 11:00:35;430;2022-07-11 11:05:27;336;1
2022-09-23 17:23:42;1165;2022-09-23 17:42:26;194;0
2021-10-05 08:25:13;317;2021-10-05 08:30:24;624;1
2022-08-16 18:25:09;235;2022-08-16 18:30:27;241;0
2021-07-24 17:37:41;638;2021-07-24 17:42:54;636;1
2022-10-25 10:07:25;572;2022-10-25 10:18:00;1205;0
2022-06-18 13:33:18;173;2022-06-18 13:42:56;430;0
2021-06-09 20:07:31;359;2021-06-09 20:19:06;463;1
2021-06-11 15:40:03;439;2021-06-11 15:55:29;173;1
2022-08-13 13:07:05;764;2022-08-13 13:20:09;569;1
2021-07-01 23:02:21;177;2021-07-01 23:16:24;235;1
2021-05-22 09:51:22;241;2021-05-22 10:05:36;957;1
2022-09-08 14:45:30;551;2022-09-08 14:50:48;479;0
2021-05-12 16:56:18;642;2021-05-12 17:06:29;429;1
2021-07-18 16:49:40;332;2021-07-18 16:52:23;317;1
2021-08-23 16:08:48;398;2021-08-23 16:17:43;370;1
2021-09-21 12:40:17;310;2021-09-21 12:44:55;1096;1
2022-10-23 22:36:21;170;2022-10-23 22:45:23;235;0
2021-06-03 22:48:02;406;2021-06-03 23:27:01;764;1
2021-07-06 10:50:31;428;2021-07-06 11:17:45;295;1
2022-10-01 13:08:12;218;2022-10-01 13:27:17;625;0
2022-11-01 20:32:09;468;2022-11-01 20:37:55;467;0
2021-08-27 10:16:53;255;2021-08-27 10:22:33;167;1
2022-09-16 18:11:37;154;2022-09-16 18:20:39;293;0
2022-08-31 13:48:51;1212;2022-08-31 14:02:07;296;1
2021-07-26 14:32:56;943;2021-07-26 14:38:29;537;1
2021-06-22 13:15:58;489;2021-06-22 13:40:48;596;1
2022-07-29 19:59:22;433;2022-07-29 20:04:33;431;0
2022-08-17 13:05:54;145;2022-08-17 13:29:47;1178;1
2022-08-11 19:41:48;553;2022-08-11 19:45:06;562;1
2022-08-23 16:17:23;381;2022-08-23 16:32:32;381;1
2022-08-23 17:44:22;373;2022-08-23 17:49:11;377;1
2022-11-08 11:57:14;315;2022-11-08 12:02:12;309;0
2021-06-07 17:17:35;169;2021-06-07 17:29:11;432;0
2022-05-29 12:12:49;256;2022-05-29 12:26:28;1070;1
2022-07-21 18:00:40;628;2022-07-21 18:11:10;860;1
2021-04-23 14:54:36;551;2021-04-23 15:08:50;551;1
2022-05-18 19:49:06;359;2022-05-18 19:55:11;918;1
2021-10-06 14:01:07;414;2021-10-06 14:07:08;533;1
2021-09-09 18:23:18;293;2021-09-09 18:39:10;788;1
2021-08-03 11:01:41;92;2021-08-03 11:06:42;845;1
2022-06-29 01:20:30;634;2022-06-29 01:23:44;382;1
2022-08-04 15:20:21;466;2022-08-04 15:24:13;513;0
2022-07-16 13:59:56;1087;2022-07-16 14:12:32;557;1
2021-06-03 23:24:08;208;2021-06-03 23:28:42;865;1
2021-06-02 18:22:14;259;2021-06-02 18:37:09;551;1
2022-09-05 20:42:31;278;2022-09-05 20:47:37;272;0
2022-10-01 01:49:55;249;2022-10-01 01:56:33;334;0
2021-09-15 08:02:26;974;2021-09-15 08:16:52;368;1
2022-04-28 17:57:03;995;2022-04-28 18:12:46;656;1
2022-07-16 16:23:40;302;2022-07-16 16:45:10;470;0
2021-09-13 10:12:22;281;2021-09-13 10:18:06;296;1
2022-05-03 01:27:26;306;2022-05-03 01:36:14;576;1
2022-07-27 23:29:35;274;2022-07-27 23:43:23;470;0
2022-09-30 14:58:04;376;2022-09-30 15:21:59;362;0
2021-06-09 19:14:43;682;2021-06-09 19:27:58;471;1
2021-05-04 17:11:01;538;2021-05-04 17:27:25;330;1
2021-11-01 18:38:02;438;2021-11-01 18:44:51;869;1
2021-05-02 20:37:07;420;2021-05-02 21:13:42;65;1
2022-09-05 17:46:08;553;2022-09-05 18:09:07;663;0
2021-08-06 13:36:11;533;2021-08-06 14:25:49;236;0
2021-10-04 15:35:30;1011;2021-10-04 15:36:37;1011;1
2022-10-04 16:17:30;767;2022-10-04 16:23:45;535;0
2022-08-04 18:35:22;359;2022-08-04 18:51:20;989;1
2021-10-07 17:29:58;550;2021-10-07 17:45:07;1041;1
2022-06-12 15:51:12;971;2022-06-12 16:14:35;359;1
2022-06-05 20:49:38;317;2022-06-05 21:22:46;935;1
2021-05-21 18:20:03;513;2021-05-21 18:50:09;459;1
2021-07-29 15:16:56;151;2021-07-29 15:25:56;167;1
2022-10-14 22:18:33;429;2022-10-14 22:35:31;1287;0
2022-09-17 22:24:51;1041;2022-09-17 22:37:29;593;0
2021-09-21 14:44:01;382;2021-09-21 14:46:29;1096;1
2021-10-04 08:17:29;262;2021-10-04 08:24:53;1080;1
2022-05-05 22:00:35;214;2022-05-05 22:07:38;184;1
2022-06-25 12:31:10;538;2022-06-25 12:51:46;216;1
2022-07-03 09:29:24;535;2022-07-03 09:39:00;570;1
2022-08-30 08:56:05;1205;2022-08-30 09:16:58;259;1
2022-09-08 07:50:59;1090;2022-09-08 07:58:35;409;0
2022-05-26 18:08:32;351;2022-05-26 18:13:49;913;1
2021-06-05 15:37:10;589;2021-06-05 15:46:17;890;1
2021-10-15 17:05:51;255;2021-10-15 17:11:39;214;1
2022-08-21 13:18:50;860;2022-08-21 13:31:05;525;0
2021-10-24 21:33:45;758;2021-10-24 21:36:05;182;1
2021-10-22 21:46:43;262;2021-10-22 21:53:20;338;1
2021-06-25 16:54:36;388;2021-06-25 16:58:54;386;1
2021-08-19 23:27:51;239;2021-08-19 23:32:50;340;0
2021-07-18 13:37:30;642;2021-07-18 13:45:14;908;1
2022-08-21 00:26:18;240;2022-08-21 00:36:05;146;1
2021-11-05 16:44:03;309;2021-11-05 16:48:11;315;0
2021-10-09 18:39:56;297;2021-10-09 18:49:43;182;1
2021-08-23 14:06:12;750;2021-08-23 14:25:23;317;0
2021-05-11 12:16:10;468;2021-05-11 12:26:37;357;1
2022-07-21 12:43:59;295;2022-07-21 12:58:52;404;1
2021-07-28 14:20:07;427;2021-07-28 14:35:43;377;1
2022-08-26 19:15:43;921;2022-08-26 19:19:08;1033;1
2022-08-28 16:42:50;421;2022-08-28 17:01:16;987;0
2022-09-03 15:49:31;1260;2022-09-03 16:25:10;451;0
2022-05-31 15:55:33;141;2022-05-31 16:33:36;331;1
2022-07-10 13:03:21;243;2022-07-10 13:06:22;251;1
2022-05-14 17:36:04;551;2022-05-14 17:46:43;221;1
2022-05-31 14:53:15;362;2022-05-31 14:57:27;388;1
2022-10-10 21:49:26;370;2022-10-10 21:57:59;1070;0
2022-05-09 19:48:46;600;2022-05-09 20:40:36;890;1
2022-09-01 14:22:22;221;2022-09-01 14:24:43;223;0
2021-05-01 09:55:51;246;2021-05-01 10:06:01;400;1
2022-09-17 13:37:35;256;2022-09-17 13:37:58;256;0
2021-08-28 18:55:05;405;2021-08-28 19:56:10;405;0
2022-07-07 12:01:31;693;2022-07-07 12:11:30;501;1
2022-05-06 13:02:21;405;2022-05-06 13:06:07;388;1
2022-07-25 20:49:47;266;2022-07-25 20:55:28;259;1
2021-05-31 12:32:35;162;2021-05-31 12:39:26;166;1
2022-07-10 17:52:07;434;2022-07-10 18:01:44;888;1
2022-07-23 23:24:45;677;2022-07-23 23:34:12;569;0
2021-10-11 16:09:36;544;2021-10-11 16:23:22;340;1
2022-10-09 02:23:31;934;2022-10-09 02:46:32;1107;0
2021-08-12 16:43:17;677;2021-08-12 16:52:07;1073;1
2022-08-19 22:49:11;749;2022-08-19 22:52:45;876;1
2022-06-20 12:04:08;1178;2022-06-20 12:16:19;242;1
2022-06-28 16:59:30;471;2022-06-28 17:22:09;1194;0
2021-08-09 20:38:10;168;2021-08-09 20:41:43;169;1
2022-07-15 23:06:53;1004;2022-07-15 23:13:16;520;1
2022-09-09 16:14:18;317;2022-09-09 16:23:47;1161;0
2021-06-11 16:55:51;137;2021-06-11 17:47:27;967;0
2022-08-03 14:08:33;447;2022-08-03 15:02:41;1113;1
2021-08-17 16:52:51;329;2021-08-17 17:19:13;290;1
2022-06-16 22:48:33;750;2022-06-16 22:56:56;322;1
2022-09-21 19:19:31;756;2022-09-21 19:24:07;918;0
2022-08-04 13:54:51;318;2022-08-04 14:07:41;762;1
2021-06-22 18:23:54;394;2021-06-22 19:06:54;433;1
2022-06-11 22:54:56;199;2022-06-11 22:59:50;191;1
2021-05-02 14:37:03;653;2021-05-02 14:46:24;767;1
2021-07-06 22:18:03;381;2021-07-06 22:24:44;316;0
2021-06-20 15:05:52;565;2021-06-20 15:24:00;425;1
2022-07-27 21:33:28;966;2022-07-27 21:43:37;10;0
2022-10-06 19:06:24;253;2022-10-06 19:21:48;237;0
2022-06-15 20:55:50;642;2022-06-15 21:16:58;250;1
2021-04-11 16:51:51;434;2021-04-11 17:07:11;677;1
2022-08-06 11:56:17;208;2022-08-06 12:03:47;180;1
2021-05-09 16:37:58;886;2021-05-09 17:01:42;582;1
2022-06-19 16:41:17;628;2022-06-19 17:26:32;942;0
2022-07-23 17:06:53;330;2022-07-23 17:45:24;205;1
2022-06-07 09:39:12;278;2022-06-07 09:46:07;317;1
2022-07-29 17:19:48;359;2022-07-29 17:46:02;298;1
2021-11-14 09:20:24;428;2021-11-14 09:55:51;1132;1
2021-05-05 14:25:42;941;2021-05-05 14:32:15;613;1
2022-04-28 19:03:52;169;2022-04-28 19:31:46;601;1
2022-05-24 14:34:23;984;2022-05-24 14:43:45;339;1
2022-09-03 01:44:10;1218;2022-09-03 01:54:53;165;0
2022-06-30 13:39:41;769;2022-06-30 13:40:32;769;1
2021-07-23 12:09:04;664;2021-07-23 12:14:22;763;1
2022-07-25 16:39:22;550;2022-07-25 16:43:27;584;1
2022-08-03 17:29:20;1137;2022-08-03 17:53:15;1137;0
2022-08-03 20:36:03;891;2022-08-03 20:53:05;676;0
2021-08-13 09:28:39;256;2021-08-13 09:40:51;182;1
2022-07-31 17:08:07;453;2022-07-31 17:29:55;470;1
2021-10-08 10:14:15;510;2021-10-08 10:22:36;464;1
2022-09-12 18:10:53;626;2022-09-12 18:15:50;370;0
2022-10-26 11:11:57;351;2022-10-26 11:43:51;646;0
2021-07-30 13:35:08;419;2021-07-30 13:46:34;935;1
2022-09-23 11:34:48;1219;2022-09-23 11:48:21;322;0
2022-11-08 07:02:27;929;2022-11-08 07:06:39;149;0
2021-10-05 18:05:31;65;2021-10-05 18:23:23;200;0
2022-05-14 02:08:57;289;2022-05-14 02:17:58;257;0
2022-09-02 14:54:33;382;2022-09-02 14:57:10;381;0
2022-11-11 11:10:14;349;2022-11-11 11:35:20;350;0
2021-05-10 14:18:23;429;2021-05-10 14:24:47;434;1
2022-08-01 08:00:56;941;2022-08-01 08:10:29;293;1
2022-06-17 09:40:25;1034;2022-06-17 09:45:01;568;1
2021-10-21 23:52:30;235;2021-10-21 23:56:51;325;1
2021-04-23 18:31:46;779;2021-04-23 19:02:38;327;1
2021-06-07 09:00:40;164;2021-06-07 09:11:52;600;1
2022-10-17 12:24:38;1150;2022-10-17 12:32:34;585;0
2022-08-17 18:59:44;880;2022-08-17 19:05:44;421;0
2021-05-25 17:55:08;256;2021-05-25 18:14:04;145;1
2022-05-30 21:05:18;890;2022-05-30 21:19:54;1179;1
2021-05-27 09:30:12;887;2021-05-27 09:31:56;576;1
2021-05-01 12:15:04;619;2021-05-01 12:27:27;169;1
2022-09-13 06:32:00;558;2022-09-13 06:36:04;553;0
2022-07-15 16:54:45;571;2022-07-15 17:00:03;664;1
2022-08-20 17:16:53;252;2022-08-20 17:20:29;256;1
2022-05-12 12:06:33;607;2022-05-12 12:15:57;910;1
2022-06-04 16:49:40;388;2022-06-04 17:05:11;469;1
2021-10-21 21:54:18;296;2021-10-21 21:59:10;925;1
2021-07-27 09:31:37;988;2021-07-27 09:43:33;501;1
2022-09-22 21:34:57;358;2022-09-22 21:40:24;938;0
2021-07-09 17:10:57;470;2021-07-09 19:36:09;403;0
2022-05-09 12:36:01;242;2022-05-09 12:42:38;479;1
2022-10-24 13:08:41;428;2022-10-24 13:15:57;1217;0
2021-08-01 01:09:56;297;2021-08-01 01:31:36;421;1
2022-07-27 18:47:52;564;2022-07-27 19:38:50;388;0
2022-10-13 15:12:52;349;2022-10-13 15:15:16;912;0
2022-05-24 13:14:01;1164;2022-05-24 13:18:50;686;1
2022-08-08 15:44:20;887;2022-08-08 22:15:32;625;1
2022-08-04 17:09:02;1199;2022-08-04 17:38:04;242;1
2021-04-27 14:13:41;221;2021-04-27 14:15:20;223;1
2022-07-17 14:09:29;166;2022-07-17 14:27:50;499;1
2022-05-20 23:16:28;1175;2022-05-20 23:53:50;638;1
2022-10-29 11:50:41;1071;2022-10-29 11:57:27;1010;0
2022-07-20 15:45:16;387;2022-07-20 15:55:50;1196;1
2022-06-06 17:14:44;332;2022-06-06 17:37:45;544;1
2021-05-27 07:12:43;616;2021-05-27 07:21:12;171;1
2022-08-13 19:16:54;169;2022-08-13 19:26:42;432;0
2022-05-29 23:05:44;470;2022-05-29 23:26:14;752;0
2021-05-20 18:39:46;249;2021-05-20 18:53:59;619;1
2021-06-18 20:26:11;575;2021-06-18 20:35:43;92;0
2021-05-29 11:43:21;294;2021-05-29 12:07:54;256;1
2022-05-11 22:56:42;676;2022-05-11 23:16:53;770;0
2022-06-15 22:30:29;499;2022-06-15 22:36:57;691;1
2021-07-06 01:00:08;218;2021-07-06 01:05:42;891;1
2021-08-10 17:06:59;1016;2021-08-10 17:33:03;566;1
2022-06-07 13:01:16;1000;2022-06-07 13:20:10;218;1
2021-07-23 13:42:17;153;2021-07-23 14:07:44;407;1
2021-04-24 17:39:27;373;2021-04-24 17:40:11;373;1
2022-11-01 18:17:21;578;2022-11-01 18:27:13;943;0
2021-08-21 12:53:13;293;2021-08-21 13:00:31;302;1
2022-08-30 18:16:14;175;2022-08-30 18:28:06;562;1
2021-07-06 19:50:31;376;2021-07-06 19:55:43;368;1
2022-04-18 06:51:50;1160;2022-04-18 06:58:47;451;1
2022-08-22 15:58:09;410;2022-08-22 16:22:20;129;1
2022-09-06 08:37:43;264;2022-09-06 08:56:05;1181;0
2022-08-20 02:33:19;891;2022-08-20 02:57:13;749;1
2022-04-22 13:03:26;175;2022-04-22 13:09:43;260;1
2021-07-14 06:27:44;760;2021-07-14 06:30:58;677;1
2022-09-05 14:01:26;338;2022-09-05 14:08:07;855;0
2022-05-09 08:42:58;845;2022-05-09 08:47:53;1177;1
2022-08-18 19:16:25;322;2022-08-18 19:28:46;268;1
2022-10-21 14:57:47;607;2022-10-21 15:11:13;265;0
2022-06-28 13:52:34;677;2022-06-28 13:55:32;441;1
2022-07-17 15:26:06;207;2022-07-17 15:34:59;182;1
2022-05-26 19:29:12;237;2022-05-26 19:57:59;600;1
2021-07-29 11:43:11;238;2021-07-29 12:08:56;238;0
2022-06-02 18:19:58;623;2022-06-02 18:33:16;359;1
2021-10-27 19:40:04;337;2021-10-27 19:49:17;263;1
2021-10-01 18:16:47;551;2021-10-01 18:33:18;486;1
2021-08-17 16:03:20;569;2021-08-17 16:07:00;582;1
2022-10-17 17:44:57;436;2022-10-17 17:47:14;479;0
2021-08-18 21:33:48;337;2021-08-18 21:39:47;242;1
2022-06-14 21:04:51;357;2022-06-14 21:06:20;513;1
2021-06-03 17:18:08;173;2021-06-03 17:47:35;422;1
2021-07-03 12:19:15;431;2021-07-03 12:27:27;593;1
2022-05-30 20:43:33;395;2022-05-30 20:49:26;759;1
2021-05-24 06:11:00;173;2021-05-24 06:25:06;173;1
2022-11-12 13:51:12;762;2022-11-12 13:56:22;935;0
2022-11-12 19:17:56;1219;2022-11-12 19:25:59;389;0
2022-06-12 10:00:48;38;2022-06-12 10:33:59;778;1
2021-10-19 16:25:21;562;2021-10-19 16:28:20;592;1
2022-09-16 17:27:43;262;2022-09-16 17:32:54;245;0
2021-09-19 12:29:07;573;2021-09-19 12:43:10;865;1
2022-11-01 10:41:44;316;2022-11-01 10:41:46;316;0
2022-10-21 16:07:33;775;2022-10-21 16:22:17;327;0
2022-06-11 15:26:16;762;2022-06-11 15:36:42;211;1
2022-05-01 17:20:08;254;2022-05-01 17:44:39;1151;1
2021-07-19 07:08:41;143;2021-07-19 07:18:06;688;1
2022-08-06 10:46:19;556;2022-08-06 10:53:41;569;1
2022-07-30 19:40:59;285;2022-07-30 19:53:49;1204;1
2022-07-22 09:20:34;582;2022-07-22 09:23:34;556;1
2021-08-07 19:22:49;224;2021-08-07 19:30:03;224;0
2021-09-22 11:14:19;266;2021-09-22 11:21:32;1073;1
2022-08-24 16:42:26;958;2022-08-24 16:50:14;1199;1
2022-04-25 11:36:58;229;2022-04-25 12:02:43;443;1
2022-07-15 08:14:48;790;2022-07-15 08:25:34;538;1
2021-08-20 22:32:22;379;2021-08-20 22:53:43;322;0
2022-11-04 16:16:51;930;2022-11-04 16:24:18;891;0
2022-07-11 16:48:34;135;2022-07-11 16:54:58;314;1
2021-06-02 22:59:14;365;2021-06-02 23:01:37;413;1
2022-07-14 15:26:33;154;2022-07-14 15:42:54;403;1
2022-07-11 20:06:43;921;2022-07-11 20:17:07;1204;0
2021-09-14 19:18:40;378;2021-09-14 19:38:42;341;1
2021-06-18 16:50:12;557;2021-06-18 16:59:53;487;1
2022-10-03 08:30:31;413;2022-10-03 08:35:36;396;0
2022-05-30 15:49:52;237;2022-05-30 15:56:10;316;1
2022-09-28 08:54:38;199;2022-09-28 09:02:45;1194;0
2022-09-10 19:46:44;1006;2022-09-10 19:53:40;378;0
2021-09-21 10:28:44;36;2021-09-21 10:31:26;326;1
2021-09-02 21:38:20;1031;2021-09-02 21:42:59;240;1
2022-09-07 15:30:04;480;2022-09-07 15:45:19;598;0
2021-07-22 14:13:58;313;2021-07-22 14:19:06;235;1
2021-06-06 19:51:59;978;2021-06-06 20:07:23;209;1
2022-08-13 21:26:38;587;2022-08-13 22:01:58;397;1
2022-07-17 05:04:01;237;2022-07-17 05:50:53;238;0
2022-07-21 17:51:41;169;2022-07-21 17:59:48;443;1
2021-09-09 21:10:54;373;2021-09-09 21:19:41;377;0
2021-07-10 10:33:34;326;2021-07-10 10:37:09;682;1
2022-10-21 20:04:45;173;2022-10-21 20:07:17;169;0
2022-09-09 07:07:53;487;2022-09-09 07:16:13;557;0
2022-07-19 20:45:14;363;2022-07-19 21:18:58;420;1
2021-07-04 21:54:19;472;2021-07-04 22:27:37;167;1
2021-08-31 08:17:02;554;2021-08-31 08:26:20;1079;1
2021-04-24 13:56:21;767;2021-04-24 14:12:21;764;1
2022-04-28 21:22:01;1070;2022-04-28 21:43:17;779;1
2021-06-19 17:31:36;206;2021-06-19 17:34:02;206;1
2022-04-16 22:58:20;327;2022-04-16 23:06:52;404;1
2022-10-30 22:20:45;1276;2022-10-30 22:30:35;211;0
2022-05-28 13:47:41;251;2022-05-28 14:43:29;860;1
2022-07-22 16:01:19;1151;2022-07-22 16:04:58;379;0
2021-05-18 19:15:20;775;2021-05-18 19:20:34;217;1
2022-09-16 11:08:32;1198;2022-09-16 11:08:37;1198;0
2022-06-21 14:28:35;395;2022-06-21 14:37:03;514;1
2022-08-29 16:50:55;561;2022-08-29 17:27:52;561;1
2022-09-04 14:49:28;265;2022-09-04 15:10:26;431;0
2021-06-30 18:51:51;111;2021-06-30 18:57:21;326;1
2021-07-26 16:30:48;868;2021-07-26 16:33:53;607;1
2022-07-31 19:15:05;1041;2022-07-31 19:23:29;152;0
2022-09-22 16:07:30;176;2022-09-22 16:30:15;527;0
2022-11-14 15:34:49;619;2022-11-14 15:45:07;647;0
2022-06-15 14:44:53;634;2022-06-15 14:50:48;414;1
2022-06-02 20:22:29;415;2022-06-02 20:45:42;1027;0
2022-06-20 19:06:39;378;2022-06-20 19:16:05;1182;1
2022-07-13 18:10:12;431;2022-07-13 18:24:49;179;1
2022-08-23 13:40:45;551;2022-08-23 13:55:08;176;1
